episode,total_reward
0,-87.95518495887518
1,-138.94834403134882
2,-321.90809708833694
3,-185.01128098368645
4,-122.45576216094196
5,-123.50950052589178
6,-83.42100005596876
7,-167.2267838716507
8,-407.4765535960905
9,-82.60655326396227
10,-613.8300657123327
11,-307.1289170458913
12,-231.76233674678952
13,-166.69138596579432
14,-202.8711417876184
15,-219.46532173082232
16,-247.33564800955355
17,-64.7913438975811
18,-214.93419942259789
19,-138.56798546761274
20,-99.3980111098499
21,-95.3640692718327
22,-380.639631729573
23,-171.1563124805689
24,-96.13290464878082
25,-134.38262160867453
26,-66.98909839149565
27,-240.1045070812106
28,-208.4807281307876
29,-148.77215325064026
30,-80.78444142639637
31,-153.09956626594067
32,-113.25269806105644
33,-71.62422452121973
34,-246.5691154766828
35,-9.383165195584295
36,-258.82065442949533
37,-90.8022405486554
38,-132.39117914438248
39,-77.10214014351368
40,-136.01521580852568
41,-122.30520671699196
42,-124.98115396499634
43,-106.5034943036735
44,-236.4380454272032
45,-164.99776423349977
46,-11.818458929657936
47,-77.48718278575689
48,-122.06134222261608
49,86.8528148920741
50,-69.80267699062824
51,-72.272784515284
52,-57.10700539126992
53,-93.17915538698436
54,-75.59656371362507
55,-87.701845318079
56,-19.571130899712443
57,-111.31293638935313
58,-74.20408708043396
59,-51.307413605973125
60,-90.14955247193576
61,-101.45033490657806
62,-281.69073181413114
63,-58.23352222889662
64,-87.3123349873349
65,-147.92990791471675
66,-194.2601658180356
67,-86.73011601623148
68,-12.926822775509208
69,-0.1305613368749618
70,-81.04673352837563
71,-73.82579720020294
72,-59.60928346216679
73,-82.52337564434856
74,-63.78585344552994
75,-178.9158931253478
76,-56.21141502261162
77,-92.24920942634344
78,-46.49510675668717
79,-118.62959059607238
80,-55.35726295784116
81,-61.51724725449458
82,-216.80340418685228
83,-58.22050383500755
84,-37.13252649269998
85,-43.72842562803999
86,-34.45269259251654
87,-54.34299682918936
88,-62.20180374756456
89,-92.39090462587774
90,-26.822004288434982
91,-219.464457385242
92,-69.45975555665791
93,-18.94817715510726
94,-6.55550841987133
95,-46.54138743504882
96,-68.06700020749122
97,-65.7141629755497
98,4.120430268347263
99,-199.7757097557187
100,-170.68859272263944
101,-95.9372877869755
102,1.529123226471711
103,-54.151323636993766
104,-31.3664964819327
105,-112.94425021857025
106,-71.42735055461526
107,-13.712900003418326
108,-18.25551768951118
109,-28.0919718304649
110,10.47753968089819
111,-96.4591640746221
112,-65.31488537602127
113,-32.25584885291755
114,20.75800375314429
115,-183.69543684646487
116,1.6344018350355327
117,-105.07882688194512
118,-56.71441694162786
119,19.638356633484364
120,-18.3627470433712
121,-159.50726403295994
122,1.6241466999053955
123,-64.32120016589761
124,-55.378870433196425
125,-5.612575226230547
126,-191.3925659377128
127,3.4896811908110976
128,-44.24770531523973
129,7.327826823573559
130,-25.526570968329903
131,-36.44953477755189
132,-61.06076454930008
133,27.35856175795197
134,-2.498116094619036
135,-23.60963643155992
136,-33.978345782728866
137,85.3488137726381
138,-0.1600773110985756
139,-75.1037049718434
140,-52.17710933461785
141,-44.75481687113643
142,-4.427587250247598
143,-42.260154727846384
144,7.526740486733615
145,-8.117224679794163
146,-29.775490201078355
147,12.203571627294878
148,2.0552810430526733
149,-17.4557460360229
150,-167.10520648947568
151,-268.9635159303434
152,-417.75218654377386
153,-183.46783374913505
154,-18.3494419939816
155,-53.446529906243086
156,-6.704870343208313
157,-191.4591182048316
158,-51.21773785084952
159,11.699816590175033
160,5.658348085358739
161,-20.45978325977921
162,-53.193789672339335
163,-30.67294020832924
164,-165.19149643508717
165,16.37246355880052
166,-33.1505804779008
167,5.692766786087304
168,-42.07698065903969
169,-24.44879927393049
170,-41.96376062114723
171,-51.332098885439336
172,23.840345232514665
173,-185.7370626823977
174,-10.299321390746629
175,16.77545913407812
176,-59.57251034118235
177,-43.5340709220618
178,-121.59659870620816
179,-144.207655283215
180,-58.04142275126651
181,31.93722043931484
182,19.099034562706947
183,5.02939123287797
184,-77.78109390800819
185,4.582206305116415
186,-228.3013734491542
187,-3.031152903568
188,-49.41582070942968
189,-6.033932022750378
190,-17.564758975058794
191,-35.378426861949265
192,-49.14370163157582
193,-40.362200163071975
194,-12.710785185336135
195,-43.27268634783104
196,-24.55651674908586
197,-32.81517794029787
198,-157.54887112462893
199,-139.22788889100775
200,-57.18492552638054
201,-12.97939042840153
202,-148.80744037311524
203,-120.63154711574316
204,-129.6853650980629
205,-4.143770642578602
206,-38.445090734399855
207,8.005176113918424
208,-228.3881544731557
209,-66.20036144275218
210,-5.338951215147972
211,-151.29436589125544
212,19.383432304719463
213,-36.11414473224431
214,-95.47897737417952
215,3.5083835320547223
216,-2.541466421214864
217,2.850248154252768
218,-42.43477726727724
219,-111.33626115776131
220,-9.115960605442524
221,-56.34939491329715
222,-49.4442247338593
223,-99.23562899359968
224,5.868663198663853
225,-163.05482279881835
226,3.828055448830128
227,-223.09915385008208
228,58.34685790445656
229,-83.61521938629448
230,-46.88321517012082
231,-1.0838382737711072
232,6.268386827548966
233,-50.14422992763866
234,-59.03947174386121
235,-64.81586842727847
236,1.7079555834643545
237,-26.671676501398903
238,-11.109040931332856
239,-24.92220167128835
240,-29.48343888402451
241,9.223675636574626
242,-20.06601938797393
243,-34.73611784138484
244,-48.52244102349505
245,-55.52557178214192
246,-26.168396517634392
247,-11.666093315463511
248,-38.15701682050712
249,-4.914667582605034
250,-3.870016491273418
251,10.529587015043944
252,0.0612265399540774
253,11.686868341639638
254,-30.029952729819342
255,-16.322328683687374
256,-16.40790306753479
257,-83.84860144276172
258,7.430880667176098
259,-34.803231787489494
260,7.313507277518511
261,-32.635228397208266
262,-51.81997024966404
263,-36.50617397553288
264,-22.37502502043208
265,-28.905874873977154
266,-42.6993504089769
267,-24.80778581109189
268,-14.348103063297458
269,-30.700395654072054
270,-6.463279190706089
271,-50.643455840385286
272,-43.732034519081935
273,-19.51485237502493
274,-54.80051276599988
275,-23.94288437528303
276,7.096013295929879
277,-37.39884886844084
278,47.1494118347764
279,-50.12380312941968
280,-32.31959241628647
281,-62.58021668205038
282,-7.27778494823724
283,-9.51101260795258
284,-23.745307156816125
285,8.504936702549458
286,1.3986454068217429
287,-34.74345444771461
288,-49.36663647601381
289,-20.2432362997788
290,-27.97378477046732
291,-75.05937895178795
292,-81.94891478255886
293,-30.259565139363986
294,-35.584139998303726
295,-26.35324399662204
296,-187.63605315983293
297,-35.32599812239641
298,-41.05650894527207
299,-5.312848784495145
300,3.944425530382432
301,-69.01500031468458
302,-2.656632277648896
303,-14.40996434923727
304,-33.82893934007734
305,-4.248171536484733
306,-10.586197555239778
307,-34.565127150621265
308,-30.05030350666493
309,0.7090563615784049
310,-74.82619401905686
311,-106.08433519676328
312,-28.60830850014463
313,3.999021937139332
314,-1.6243269508704543
315,-35.87333879817743
316,25.69184734369628
317,-2.5967541057616472
318,-49.93791005272942
319,-1.0502899220318795
320,-125.71253291657194
321,-67.30563986388734
322,-50.54324224370066
323,-57.938846428412944
324,-5.167384437052533
325,-69.71208253875375
326,-84.7338865797501
327,6.893502807477489
328,-36.99679046397796
329,-50.82162130184588
330,-32.161407311679795
331,-24.562191596720368
332,-35.92398789214349
333,-64.0438696098281
334,-23.730960035696626
335,-75.7815332240425
336,-6.694519373122603
337,52.87007171078585
338,20.80333521377179
339,24.756607272371184
340,-10.751194205622596
341,28.43529296646102
342,14.563992388895713
343,44.89943953149486
344,-9.299353804439306
345,-24.3926499504596
346,-5.536552427511197
347,-312.4775377307087
348,27.68048746221757
349,-26.20651078689844
350,275.5369945685726
351,-54.0897570475936
352,-85.7317935214378
353,100.08326405599269
354,35.53539877775043
355,246.34608658711247
356,265.7702029570336
357,25.66926550201606
358,-128.19292912405217
359,239.18628451775447
360,31.48053348278336
361,31.20099873887375
362,225.08619394709444
363,2.2270270434270856
364,36.62942092283629
365,-62.63163441047072
366,24.075680828886107
367,5.574764716438949
368,44.177970384313085
369,-7.485882204025984
370,23.064748084754683
371,114.31815035482538
372,65.28182627703063
373,0.3958677526097744
374,26.604356563737383
375,37.07738576456904
376,40.86841712231399
377,-8.168225577416933
378,33.058910524778184
379,-5.490846867445725
380,-31.996673139103223
381,-18.525299765984528
382,1.3648234212450916
383,15.592072464176454
384,-28.745308310724795
385,5.60005833953619
386,-27.64342598535586
387,-29.061314484337345
388,230.60127560864888
389,14.29677329189144
390,-53.37224211264402
391,-5.933625819394365
392,-20.10536027140916
393,-6.174920776975341
394,26.448215492992745
395,187.70757907996207
396,-19.545718765890346
397,166.95399863744387
398,29.47069089161232
399,178.54846880367927
400,197.66410264183747
401,29.246407356113195
402,-10.632587258471176
403,14.45739110885188
404,-7.177798509132117
405,-25.98301093908958
406,27.30123090791676
407,-7.327726419549435
408,-4.86151075642556
409,-28.99782550672535
410,213.0685278023593
411,-36.67408653779421
412,9.111782248597592
413,-29.896936844481388
414,-18.918078249203973
415,29.338278073861147
416,-24.34043519140687
417,202.30623394978824
418,190.42370443192715
419,241.27625756956743
420,210.6436849600093
421,207.359571979614
422,-188.6609425591305
423,234.2119731346257
424,-12.412462115520611
425,-27.58453717059456
426,243.97690889526547
427,14.508614841324745
428,17.73321636185574
429,0.4357563650328302
430,-11.551494255661964
431,212.3172033999517
432,58.75905502772434
433,232.5617338923421
434,205.92929223331373
435,-11.182715688832104
436,282.9206891950669
437,21.19033236731775
438,179.4296197261346
439,217.3121215266116
440,4.612299257423729
441,5.752219841873739
442,275.3018602045431
443,31.08328068035189
444,234.2108668977219
445,233.97238663224465
446,-23.55230361514259
447,30.988728135824203
448,245.4444390160893
449,17.44758161343634
450,174.51409012876272
451,-81.90010669082403
452,-4.837698802351952
453,256.687231639082
454,38.34839926660061
455,-21.32672512790305
456,243.8065698382937
457,62.77930410920089
458,-8.896242228802294
459,164.18361291793323
460,211.814928520982
461,247.10951451773872
462,35.387447033193894
463,41.5310492452536
464,48.49054475282901
465,198.50498535910523
466,242.9001010553206
467,1.3019193184009057
468,105.75030152300997
469,266.8296927531009
470,194.85430719294777
471,-26.847703530685976
472,-17.461659922555555
473,-7.384362871613121
474,23.45940422872081
475,180.94537641499488
476,-22.12156114191748
477,216.61085692550887
478,148.17009783966932
479,-12.976750189205632
480,158.84676310985168
481,211.02249979013203
482,224.3194566470632
483,234.5623316480396
484,225.98485862642
485,188.91527394766672
486,5.073666482931003
487,6.385748555870123
488,217.78595368166987
489,58.50044537283247
490,33.99141633976251
491,205.4618071495621
492,233.06728562538683
493,174.1853391425669
494,168.55992543272097
495,240.7611553411701
496,34.64132624864578
497,286.8387804189697
498,196.56749679835224
499,189.1333326118464
500,218.63658270956364
501,218.29622966262968
502,245.86581158228068
503,242.6335107420918
504,199.4561068005068
505,-8.127224501688033
506,239.10698503745584
507,211.62517087112687
508,231.9749523020796
509,-2.07520833122544
510,267.86273880379025
511,-30.762094510835595
512,229.6776104578929
513,-29.230192792136226
514,174.08627932488764
515,-4.346937667578459
516,193.57059067885945
517,101.43997319607342
518,244.84297615269625
519,283.8470739821205
520,168.3534225233298
521,-14.264808297040872
522,-23.344574137037853
523,-46.84082065254916
524,49.71199254691601
525,302.95938789894774
526,-444.9545282660984
527,-4.71029591280967
528,174.42962921164587
529,244.83968251626493
530,21.34529161318505
531,169.57083865193266
532,-56.77247231238289
533,2.671769102686085
534,18.033038005636627
535,254.0542987521585
536,234.2929264653422
537,283.8874888296552
538,228.878001867214
539,328.2626626900602
540,284.94817404437345
541,81.44822794292122
542,285.07639897003844
543,127.82481845667456
544,183.5716558148413
545,236.4732704410084
546,224.15396969777296
547,236.59044911624488
548,258.2222816671319
549,13.513969331979752
550,57.87626093480336
551,125.26790830713448
552,276.3299118059804
553,-24.802381628658623
554,261.59423444295635
555,225.9460355620219
556,18.67230225354433
557,231.9122348327939
558,206.52590477108484
559,63.8746620118618
560,260.882823587074
561,238.4301917548812
562,279.34665262726537
563,48.46585056185722
564,247.61833838294405
565,52.42022926360369
566,236.344830422736
567,-9.261001233011484
568,91.6995209106244
569,252.5890228017946
570,229.6420250531484
571,311.9622456898271
572,3.313257113099098
573,240.00518343940428
574,-2.7010259479284286
575,16.820202354341745
576,-126.64267008495516
577,167.36941564109532
578,247.4650183105805
579,233.37946282996563
580,62.84573308099061
581,298.07403290188495
582,232.3699999872479
583,238.4782056735565
584,45.29784262306157
585,254.9178285938202
586,213.25500589312287
587,16.181222209706903
588,194.56953021295595
589,46.64094206690788
590,148.02399849292124
591,258.20859525899965
592,242.14822334800763
593,288.29379915961863
594,310.58056294609275
595,293.9433517512631
596,251.51513195757784
597,281.25421041712804
598,263.61007031047103
599,296.7807378973299
600,257.3977012778147
601,206.120036288807
602,283.53854603545267
603,265.45943166715017
604,297.2325527794634
605,5.511565059423447
606,293.33923835301147
607,271.59750500681264
608,48.23875417932868
609,271.87886882486055
610,236.2016236567869
611,256.4670291247446
612,271.7255500776293
613,224.2165531569945
614,304.6776193205491
615,220.75191890459985
616,219.2714843156848
617,245.50803743959787
618,299.3995457596417
619,280.2348472161244
620,273.919335704064
621,252.79981127105475
622,160.86059569409156
623,230.44786815987737
624,215.3702247058505
625,256.3848453163216
626,315.2186879801107
627,237.6735240415437
628,3.921899318695069
629,275.69122156701604
630,230.7051110014803
631,259.7643170590222
632,211.5140599408187
633,197.2190121942266
634,-21.59543762577232
635,175.54245840478688
636,189.11592409247527
637,276.50593878074443
638,283.7085664723902
639,284.1509317460141
640,258.10825004206924
641,256.15019349965104
642,189.9936030856404
643,-23.337805220435257
644,295.4009205863289
645,274.3721649998787
646,270.02369337649134
647,241.96871300346004
648,-27.135786996223032
649,198.40910671665745
650,306.605362751745
651,235.2981681881938
652,191.0539366244216
653,185.9510693186894
654,263.7001363556574
655,-5.044064017012715
656,263.2333928440676
657,181.39107831395245
658,189.7916913801455
659,-74.05524095660076
660,137.34282404022713
661,254.6469742807793
662,225.2715856454929
663,-79.17722509801388
664,-38.32201323239133
665,237.22416899954885
666,209.76148546175568
667,298.31775048364267
668,23.08453525119694
669,-46.24797752848826
670,311.0482018073976
671,130.55195775046013
672,214.95820469180725
673,266.29482600137493
674,239.3738392945893
675,191.6211698246373
676,11.077783557586372
677,217.409434559097
678,-16.77842459495878
679,261.6721333661271
680,222.3059562173677
681,236.8221595576784
682,286.7608260791957
683,-30.30221701168921
684,2.0892391735396814
685,294.1278837278842
686,5.195608767098747
687,-17.99025049014017
688,-28.72658695424053
689,220.3543950549603
690,-22.922593260882422
691,224.3955050047232
692,276.5466015483031
693,157.6436105133586
694,281.0112766482416
695,-5.78974880988244
696,-4.980840079020709
697,-17.172465133247897
698,214.36254061292456
699,296.3482589364942
700,162.05571202311455
701,296.3319974398157
702,238.4731840393805
703,23.213200416429288
704,291.87385254870605
705,191.00191195045068
706,287.8718107768389
707,227.960786007193
708,-2.3852829239331186
709,-17.996838638093323
710,11.592094059102235
711,219.1502151539661
712,191.99792391225355
713,270.82077359689526
714,251.02635531378465
715,5.289970009500394
716,254.2982076518288
717,268.8160683596485
718,26.151263081701472
719,221.22752720004848
720,6.964467707206495
721,11.391573610002524
722,-4.558631306048483
723,0.7825197135098279
724,159.41493943841243
725,199.39474356341924
726,195.50933423498697
727,184.5695868401696
728,138.86857679890676
729,269.4308501845693
730,288.2415328753514
731,217.98889572258776
732,229.97311053853429
733,233.50561787739667
734,22.831508389441296
735,186.9893485768626
736,134.770604957519
737,15.014834586065264
738,239.40803658600345
739,217.19473150439543
740,191.6980998641036
741,171.322609866997
742,251.96934516009625
743,85.02720086079512
744,20.969850752677303
745,7.153756715124473
746,1.5836090890225023
747,180.41507916139824
748,224.5412350253997
749,8.010013030143455
750,158.83507951086705
751,0.3384304701467044
752,238.1952887396308
753,227.239955378408
754,0.0024088940117508
755,7.310999355046079
756,6.428281626664102
757,236.7783757403247
758,-27.20047611463815
759,205.6609055836995
760,252.71723534219217
761,233.91476414164373
762,19.983469158643857
763,234.6157850544675
764,202.6106325391035
765,162.04342696998123
766,141.75664478394685
767,232.0512455466433
768,-39.716369674541056
769,-2.6598278873134404
770,227.7613130425012
771,235.66197220797108
772,202.3634110677384
773,229.3629544433636
774,220.8250590725322
775,214.4067753354957
776,273.79894287531334
777,235.79074473376247
778,260.29357214223853
779,182.5643280178164
780,170.7883009474173
781,265.9474277176913
782,248.0982091349731
783,305.93142082860754
784,212.9568093847361
785,51.75110359862447
786,194.1605753947356
787,13.724544497206807
788,53.35223078541458
789,222.3650242971298
790,-389.7777131143957
791,216.96869063905547
792,241.02821476841007
793,288.75995675669725
794,45.74240190314595
795,239.44061759379383
796,10.370085729286076
797,259.03198559949533
798,214.58057594003537
799,266.3641377348278
800,192.8329634680273
801,293.5355524339413
802,217.8802484131893
803,291.0764090683445
804,248.68912330980407
805,209.4941935565772
806,241.1821953044976
807,257.1449353305046
808,302.87505033305786
809,45.68481501564384
810,223.5780055500827
811,307.3499613629672
812,270.81130113028166
813,297.3692908659996
814,254.13147434837765
815,254.2756157424301
816,233.2321948732148
817,246.55116469064103
818,268.18319212360785
819,54.268429066985846
820,228.99925731301056
821,250.1342135355478
822,268.4726995326422
823,274.574828450319
824,56.61931703425944
825,254.6872711033946
826,283.82679390613794
827,274.33645750616
828,239.29749263946005
829,25.33885671943426
830,275.9953977634587
831,289.1236748641566
832,287.7520132521548
833,275.1324526958409
834,256.5210282299053
835,278.7065583164741
836,258.840505758317
837,255.85990265182937
838,31.64408321212977
839,225.0846428035796
840,46.04515728820115
841,189.9547922528573
842,217.6713425989138
843,232.9500554621524
844,287.7755131418057
845,291.2488173791704
846,254.20694708549465
847,301.83798093690984
848,272.6595911199957
849,289.4663597462204
850,252.10875506910003
851,282.7711410613489
852,252.85407485625493
853,270.5098972695096
854,270.20155078195967
855,238.7961034913732
856,254.95684712886893
857,229.6872528245032
858,68.58268624171615
859,33.78882580809295
860,60.975030688304855
861,263.323140372181
862,294.264363232768
863,22.82811346417293
864,241.07768433084243
865,256.5049556081458
866,264.847469499829
867,282.68945253067966
868,249.74320889369903
869,296.70232110979737
870,240.9829881404363
871,275.6637252055418
872,284.9020219003823
873,241.98955097026192
874,257.9150198489916
875,54.69054976664484
876,271.5271801475388
877,294.39063913378385
878,53.96140765398741
879,284.5677964664708
880,217.28590160420225
881,3.555649353656918
882,269.5784117530561
883,271.58746451879387
884,278.2848937279433
885,69.70789853483438
886,262.53048379298986
887,46.13483713567257
888,246.65133489153828
889,250.6890915632356
890,246.8213617097759
891,7.980116212973371
892,249.0676987488524
893,264.68803226572743
894,68.72515854425728
895,285.9923203270884
896,28.97688350005774
897,278.88141069695183
898,235.1505956243664
899,260.9888497635634
900,290.50669119245987
901,37.84587848931551
902,118.36000102187973
903,239.07680678803345
904,247.29075362998992
905,270.5777150078211
906,212.1953675123093
907,163.40938973980155
908,63.09569691121578
909,72.43189480900764
910,225.14312555499785
911,44.57818560372107
912,218.45601732598152
913,19.48558523785323
914,274.8197684638171
915,243.5252724255381
916,228.4106019582598
917,32.74459537235089
918,249.06986494996383
919,209.01635129082
920,257.2333076478035
921,230.68059139407703
922,283.00695282597337
923,219.53025983011685
924,218.0772054712436
925,241.09985600335787
926,62.06823752447963
927,241.2957875064008
928,296.81068633857706
929,32.42444628663361
930,24.31039230618626
931,237.98343991757127
932,312.4986437059579
933,239.1682737067504
934,316.48420083378403
935,244.4120469003268
936,300.15433826409645
937,278.7215636853755
938,239.4469785684284
939,237.73689075233227
940,278.68628845796155
941,272.25032014897124
942,274.87746802273296
943,229.17298428417416
944,274.1921986152543
945,270.25370884407494
946,262.00193838449195
947,270.1782968827307
948,312.7195923571869
949,289.13989602814274
950,250.57958735163635
951,261.22422467841994
952,51.79539623484016
953,244.59730098903376
954,237.1998799387052
955,257.690925501252
956,271.90288671208344
957,267.81647950259514
958,248.67790963925185
959,270.0331680094989
960,258.20526393537875
961,275.8402023434026
962,259.676306954558
963,248.92897328432804
964,295.65600601205153
965,284.4919784594801
966,278.1343384052161
967,237.91293805181576
968,245.41905668978404
969,-6.210499929264188
970,223.09634203642463
971,22.67109389975667
972,243.63598236340528
973,252.1925375891767
974,240.760900564218
975,257.34302068390264
976,240.283807878766
977,239.9527558027612
978,284.5602165519879
979,236.7447972217342
980,241.76838868982296
981,239.3698015751964
982,276.2153744484368
983,256.7495705375223
984,278.15667978875706
985,266.78547521994915
986,232.99933868759447
987,230.38744843153185
988,272.10892376243646
989,248.0307470349574
990,207.9590760622552
991,286.6880188301085
992,231.99295054605625
993,274.547893677602
994,140.2270511550014
995,230.3894717664516
996,283.8910784817027
997,-11.522044494748116
998,240.03567850671035
999,272.0177221487468
1000,-0.7275379542261362
1001,265.7437963020988
1002,300.36799615032294
1003,217.71235600317647
1004,297.5584094155175
1005,298.5116302764636
1006,258.39906293043543
1007,288.3810773754161
1008,288.6930380622203
1009,234.22084652310463
1010,232.1379972933209
1011,253.63563583999144
1012,307.7760907367704
1013,-22.870060723274943
1014,237.97055340463208
1015,243.18358076349384
1016,249.9911976099704
1017,228.4654213921167
1018,274.4060434454127
1019,298.6275365730914
1020,263.24978832363445
1021,220.6849497591573
1022,233.8079699573978
1023,252.04671317801063
1024,272.5986179876068
1025,245.0922980144868
1026,243.07968177906383
1027,271.7101587785593
1028,280.2102027936894
1029,227.76751312407848
1030,236.5879617331027
1031,250.556901160446
1032,249.96324557524167
1033,273.94459287959967
1034,230.7454732029269
1035,236.1002852623898
1036,240.8030829268464
1037,233.74262558631565
1038,253.1970944020875
1039,241.9074861258404
1040,243.15982255012293
1041,273.9341788029956
1042,288.37647836530266
1043,278.59862121431007
1044,265.43932580002127
1045,303.57095003148294
1046,216.3953898345211
1047,283.64829930691604
1048,261.02487801530367
1049,226.63945057825185
1050,285.11560313395813
1051,255.0298543144505
1052,238.12492593505883
1053,254.1046463038044
1054,266.301782117768
1055,38.104008726775646
1056,298.0896983097728
1057,258.45257883658576
1058,280.1237880493385
1059,298.4054165771864
1060,211.4193992852437
1061,223.4451846524165
1062,296.51402379428214
1063,250.53305635872383
1064,259.071653075792
1065,209.68914968962872
1066,231.36489731988425
1067,248.20084423257333
1068,271.7302094685612
1069,319.34934442638763
1070,229.1194628301707
1071,279.65237860713546
1072,232.7224750376264
1073,256.47882908277285
1074,208.3862805769313
1075,280.01404296977
1076,178.92389228633857
1077,239.22710037726185
1078,273.1085149372987
1079,241.6349306895171
1080,258.0519047911439
1081,288.8552116960783
1082,267.9567022798718
1083,223.8034458506944
1084,281.671922630643
1085,224.1188674844797
1086,253.99452464979527
1087,271.5476303036557
1088,308.6757564337976
1089,258.7260082328148
1090,163.11587052734603
1091,264.3751959913981
1092,304.0955806308563
1093,203.2769225187889
1094,257.7020294426763
1095,255.10495428043063
1096,240.07276900268064
1097,21.895295179099776
1098,250.67801356433088
1099,258.3141863492557
1100,268.10165370416604
1101,267.4414771639055
1102,278.90134215691023
1103,255.473700725252
1104,290.0200087094315
1105,260.069998267056
1106,233.4197975211914
1107,287.1095615573846
1108,288.029654069452
1109,220.46874020127967
1110,218.0031956555964
1111,258.34448780364926
1112,279.5677126770765
1113,282.485929531866
1114,226.10126317689907
1115,-0.1268113463884219
1116,249.17659589084764
1117,133.64958574983615
1118,223.0150743241853
1119,292.71752346521777
1120,279.1105492995568
1121,274.4326207590715
1122,238.98156488105283
1123,265.43233891774776
1124,280.42772142812805
1125,252.83097946755552
1126,230.17460009566943
1127,279.9616284932286
1128,286.99552555631305
1129,199.56147013689343
1130,225.16995215250944
1131,277.0337520532447
1132,257.1563214405925
1133,240.3559263048544
1134,266.0921556212553
1135,272.4149773581074
1136,265.03146880244844
1137,290.3303524801257
1138,278.2486347674858
1139,292.4496069348147
1140,275.87993649909504
1141,288.0789825869172
1142,202.24228995466405
1143,304.2144544575408
1144,267.1190637827621
1145,248.7296899445768
1146,254.3930174150652
1147,281.8570355628415
1148,261.36807499307884
1149,246.0194401720781
1150,249.35973208559847
1151,240.4852102837931
1152,278.9545489583025
1153,295.2673607522942
1154,287.82050990815736
1155,293.73596164297646
1156,233.45452821172609
1157,285.2311479910277
1158,280.67380418643734
1159,221.5311074533965
1160,274.0124860382003
1161,235.20392143559445
1162,252.3499233738436
1163,63.47944543138146
1164,206.9247261301909
1165,282.11301286521075
1166,256.84780418783873
1167,268.4163355136487
1168,223.9230690259768
1169,249.1802101508736
1170,270.6291377063495
1171,261.55622912468255
1172,246.3179460752005
1173,264.48663326786294
1174,294.8191762826308
1175,276.1677682966307
1176,268.93075464391177
1177,208.73215566954167
1178,279.4267790318348
1179,269.38275363753394
1180,295.37795844655
1181,230.42551070843007
1182,212.47873144501608
1183,171.98552223220167
1184,250.758307131616
1185,245.1599269473976
1186,238.6857828513587
1187,264.8207392658033
1188,291.494803300521
1189,272.5446458273759
1190,223.8641144839487
1191,293.0566171368498
1192,260.3654288085472
1193,273.04409732824706
1194,280.86203226962334
1195,252.20458453991188
1196,264.89300499628604
1197,247.724409396306
1198,264.6038078027568
1199,62.98229457065463
1200,265.26433715899475
1201,223.891174957384
1202,294.48299551908656
1203,280.3222246245944
1204,250.3189718792728
1205,293.19379804786104
1206,265.0216339516786
1207,248.1419514719425
1208,299.4444403528314
1209,245.2864874768401
1210,292.6501226673124
1211,220.1139865489725
1212,232.14292236773625
1213,285.4812354863701
1214,273.5990882214392
1215,297.32517399810814
1216,261.1819446915982
1217,288.2671757267335
1218,248.70012318929807
1219,298.1009179983794
1220,248.6191801613088
1221,286.2011395621159
1222,274.3835952344816
1223,75.33312851656228
1224,262.2428354292953
1225,277.9767452767661
1226,271.4413141209792
1227,241.92513849338656
1228,247.548931409372
1229,227.2369373253585
1230,244.0430732488512
1231,259.352165871049
1232,266.8653681466652
1233,287.05718532792935
1234,221.87216660511632
1235,242.75768253467675
1236,285.627066608951
1237,256.5887214140048
1238,288.6438834199932
1239,257.4716739586904
1240,297.3513252939284
1241,203.04788470856784
1242,246.3583859425241
1243,249.44847393948228
1244,298.5490699053633
1245,34.78464234992862
1246,228.41521285274032
1247,182.1880362015302
1248,242.04633748108685
1249,242.3536261730601
1250,295.9975549997852
1251,282.86629284583046
1252,243.5154890658064
1253,277.26870488995195
1254,204.22961763696884
1255,265.2192617649597
1256,293.838632421176
1257,255.77667575215256
1258,258.250370447505
1259,265.2974331006011
1260,257.95330500808353
1261,255.21347734345443
1262,284.7654213251401
1263,304.54008548036506
1264,266.994925884572
1265,259.04518248858767
1266,264.4469295357498
1267,275.4063597034335
1268,267.3178523552426
1269,253.2978674994964
1270,231.70708631413163
1271,245.1666729246324
1272,237.4235441125528
1273,323.8669963111088
1274,307.5853868991919
1275,233.20214843739063
1276,250.43192135388065
1277,58.475942596793175
1278,216.4766709119151
1279,275.3897196158481
1280,290.22189548160736
1281,233.84425739222576
1282,283.7721931836568
1283,233.47950844820105
1284,239.1201596477674
1285,286.6240908698223
1286,279.6767265136174
1287,274.3364458005409
1288,285.8302919675552
1289,284.9408673841463
1290,256.4929449445399
1291,283.5472644661984
1292,228.40641057003967
1293,292.2766108001694
1294,299.35506442540145
1295,227.0716016025944
1296,269.5727421741524
1297,251.64224624209945
1298,260.0965139328793
1299,234.2854256802275
1300,245.44711119184933
1301,275.11393180848324
1302,279.174282554549
1303,211.7856517814098
1304,271.8606224068937
1305,246.89131782662665
1306,283.2499124339961
1307,264.7183134250396
1308,270.9071172912529
1309,279.0629190597151
1310,242.62431439939903
1311,263.0405725460337
1312,245.90975095749727
1313,305.03383732772073
1314,262.5572578340323
1315,289.7685459549268
1316,291.1827249514172
1317,65.24471789970994
1318,237.80204995372333
1319,225.62782619331608
1320,283.60161042902337
1321,279.15717384077936
1322,275.1482720816383
1323,219.20787128761884
1324,246.1752696689161
1325,280.16062177110143
1326,226.8067322606962
1327,18.72584825474769
1328,263.83879941291354
1329,-11.629066353663802
1330,293.8329215743486
1331,253.45729440568977
1332,282.99476877671583
1333,16.787462271749973
1334,-5.17533797910437
1335,208.259548533714
1336,-21.18339707320956
1337,286.0960774473757
1338,159.84944864029237
1339,266.4113347378129
1340,301.057352755126
1341,270.1852954334637
1342,55.32415100187063
1343,-32.046416126191616
1344,276.7681302563671
1345,38.68067982792854
1346,286.27828233220026
1347,-1.925121606735047
1348,278.73234509915704
1349,265.89094868391504
1350,288.7313358519256
1351,187.11363442377424
1352,251.5307529643145
1353,263.32526029725926
1354,-101.50967936450616
1355,13.888024516229052
1356,36.28327227430418
1357,248.7394051604389
1358,284.23953779794954
1359,274.4226525370032
1360,31.893971174955368
1361,256.8173265807513
1362,228.5648280779133
1363,265.1973665315236
1364,286.64915731563724
1365,-129.8044123351574
1366,260.4334253303102
1367,-173.38689084351063
1368,-28.51213936880231
1369,-44.713058300316334
1370,-117.64490689523518
1371,238.4686002487097
1372,-204.5968911647797
1373,264.7994977826545
1374,-155.28054434247315
1375,-151.23616184294224
1376,-10.038176767528055
1377,245.0754884481332
1378,41.56902903318405
1379,276.329730360794
1380,236.9602736247965
1381,-135.682781083975
1382,282.8695950284134
1383,251.548195792052
1384,-140.3663279004395
1385,282.32538804194905
1386,-132.09284001681954
1387,234.756441427749
1388,-139.11966789513826
1389,266.67618059812344
1390,258.98810504279226
1391,234.2246485573509
1392,-54.87827183306217
1393,269.6072675117113
1394,-108.78530292306095
1395,252.98958752308988
1396,69.3369253911078
1397,247.9898703907849
1398,-146.29769125580788
1399,250.1259152369432
1400,264.2896738547279
1401,278.3494191550268
1402,312.89235060359783
1403,265.4215472667876
1404,-53.22366872057319
1405,-51.90067893639207
1406,249.0969191085015
1407,38.88223885372281
1408,270.33602943044195
1409,-72.65732423402369
1410,-65.11454416066408
1411,266.3667127965791
1412,238.50759105906545
1413,-93.60422010533512
1414,252.35799676646167
1415,273.9874331044596
1416,259.52125970777024
1417,251.1058960117279
1418,-139.9253857396543
1419,-23.91464231628925
1420,292.7306594961963
1421,262.30921182178633
1422,59.217145088128746
1423,-27.59599954111036
1424,-47.84586311690509
1425,50.63995235878974
1426,61.48253679089248
1427,256.9018874933457
1428,-25.08136539906264
1429,48.215581357479095
1430,6.367616541683674
1431,13.98302663024515
1432,247.9430700216304
1433,278.93057419124614
1434,281.8849846331284
1435,-30.49932715855539
1436,286.73493262760195
1437,285.2658325560702
1438,280.5997021174014
1439,303.06989646410216
1440,-14.887091292068362
1441,261.03457922212675
1442,-10.483074236661196
1443,-22.77633593324572
1444,-47.71705716475845
1445,41.5381400808692
1446,-29.12538216635585
1447,281.81552543620865
1448,-10.825417862273753
1449,241.1121113814445
1450,-107.67279910016804
1451,48.13594828057103
1452,4.600469525903463
1453,41.5812504068017
1454,-16.598742876201868
1455,-3.362644899636507
1456,6.452855840325356
1457,-22.02609382197261
1458,247.1061875725939
1459,21.16025722771883
1460,217.06144163136912
1461,296.4950726961324
1462,12.015051333233714
1463,48.759200777858496
1464,16.402456576004624
1465,34.096955951303244
1466,60.728302121162415
1467,20.12900760769844
1468,-35.96331390924752
1469,31.697101312689483
1470,258.0898967750836
1471,56.88601160049439
1472,49.07677314430475
1473,-51.72475359402597
1474,19.33720802201424
1475,-38.02399803325534
1476,24.73088324442506
1477,59.35569882392883
1478,-12.535625360906124
1479,-29.01756281638518
1480,-82.51340729743242
1481,47.038779348135
1482,9.454761540415348
1483,-79.45061564445496
1484,20.59591222042218
1485,-47.0246219560504
1486,15.234394847415388
1487,45.46216802671552
1488,1.724021976813674
1489,-5.049321450293064
1490,-145.2311761379242
1491,7.479521196335554
1492,21.71551221609116
1493,3.501172606833279
1494,-17.159171622246504
1495,-106.66377264261246
1496,33.850074641406536
1497,-20.77284640073776
1498,-66.87226828630082
1499,-89.9108132570982
1500,-15.790223143994808
1501,-16.971522947773337
1502,35.26352838508319
1503,43.98471105657518
1504,-19.58159188553691
1505,-4.94392117857933
1506,-38.52452643401921
1507,7.707688985392451
1508,3.169168899767101
1509,35.84891263023019
1510,-51.92960087954998
1511,-85.19532868266106
1512,3.63573247147724
1513,-12.832382016815243
1514,-47.29604413360357
1515,16.541715191677213
1516,-211.14562092721465
1517,-47.24486406892538
1518,8.985348894260824
1519,40.557777125388384
1520,-31.79750900529325
1521,-180.66075490787625
1522,-32.03491784259677
1523,59.23256429284811
1524,-27.35976552590728
1525,-47.82681797165424
1526,-188.4086607769132
1527,21.150590687524527
1528,-25.923533335328106
1529,31.34785238467157
1530,-4.262914953753352
1531,-54.259222999215126
1532,227.6844151840401
1533,-154.0746830701828
1534,-17.88990557193756
1535,20.81013271212577
1536,24.031490355730057
1537,-147.70685478299856
1538,-220.6520647965372
1539,-14.96244848961942
1540,-0.8479640036821365
1541,-15.672239232808352
1542,17.19141324982047
1543,30.271021084859967
1544,-3.178459700196981
1545,27.605665657669302
1546,-68.94547156989574
1547,12.094715155661106
1548,-29.59390923928004
1549,1.956874631345272
1550,30.78773183724843
1551,-46.664758652448654
1552,8.977259263396263
1553,5.740668037906289
1554,-15.00853830575943
1555,-33.19070123787969
1556,-0.618098427541554
1557,-19.22257068380713
1558,-110.36753622069956
1559,-130.80084863305092
1560,-4.168299570679665
1561,28.63791166129522
1562,-46.64174380025361
1563,-117.64965917170048
1564,-25.217063257470727
1565,30.97211226494983
1566,-17.457255579531193
1567,-95.56364981884803
1568,-1.86598639190197
1569,-22.73170341551304
1570,-57.56837650388479
1571,-46.04890532139689
1572,16.38038792554289
1573,30.93840755149722
1574,13.21394935529679
1575,27.110875084996223
1576,-66.19744051992893
1577,-8.871518787927926
1578,-53.03479609265924
1579,45.84964833408594
1580,13.70138119161129
1581,-197.59083557128903
1582,25.117327131330967
1583,-31.674468901008368
1584,-44.35105268424377
1585,-234.53705746144988
1586,-18.037867069244385
1587,-67.35761454328895
1588,-12.654114507138727
1589,17.17163434624672
1590,35.96920333057642
1591,5.82179138623178
1592,-69.893046987243
1593,5.808318093419075
1594,10.681332714855673
1595,-48.26067121885717
1596,-19.42742959957104
1597,0.3219219818711281
1598,-48.33008377626538
1599,-8.701057638972998
1600,-44.27463897317648
1601,-12.502047628164291
1602,12.487283382564785
1603,-17.814742490649223
1604,-25.47996227070689
1605,-79.27047000266612
1606,-5.228530731983483
1607,-23.7392631159164
1608,-50.048590295016766
1609,16.786216963082552
1610,20.76422995072789
1611,4.335101870819926
1612,-13.26358080469072
1613,-2.6548235695809126
1614,-30.32600066275336
1615,-68.08579985424876
1616,-31.04262721538544
1617,-23.53890044428408
1618,-12.94166863616556
1619,7.908648185431957
1620,-36.66639311611653
1621,-37.82368221879005
1622,36.42211531475186
1623,28.991584714502096
1624,-27.94764873990789
1625,-142.33699451759458
1626,11.94415844976902
1627,-26.65351690351963
1628,-131.34401419421192
1629,-32.392396092414856
1630,-79.25837707147002
1631,-16.49129231274128
1632,20.870852956548333
1633,-22.62830401211977
1634,-35.499753057956696
1635,-98.00677643716335
1636,-68.35502688586712
1637,6.565451435744762
1638,-27.460917472839355
1639,-46.20272843539715
1640,3.5274961278773844
1641,-50.247879647416994
1642,-44.628128707408905
1643,1.7539907470345495
1644,-29.68720155209303
1645,24.23521682433784
1646,-56.601114558056
1647,-41.4760247990489
1648,9.469334729015827
1649,-52.07203291374026
1650,-35.438704907894135
1651,-49.82270359620452
1652,-44.064735512947664
1653,-52.59003286506049
1654,-47.06791790947318
1655,-31.32435503602028
1656,44.29470471129753
1657,-65.22341167926788
1658,1.3188069625757637
1659,-41.05587399145588
1660,-5.82096303999424
1661,-29.264240814372897
1662,-18.85287031158805
1663,-52.62450831383467
1664,-32.4345683157444
1665,-76.63808388297912
1666,27.053932746872302
1667,-70.7755919508636
1668,14.31361285597086
1669,-34.04736024141312
1670,-31.66552776750177
1671,-18.433878805488348
1672,44.118974063545465
1673,-47.675421762280166
1674,-41.982768225017935
1675,35.79551291372627
1676,-52.13234487269074
1677,5.625463798642159
1678,-47.57866209745407
1679,-65.66813325881958
1680,-45.88756903330796
1681,-40.65533374994993
1682,-9.957393020391464
1683,30.812914207577705
1684,-58.58225588360801
1685,-42.44664153456688
1686,293.2843478969539
1687,189.79241848282985
1688,186.6677732975631
1689,-48.87152300029993
1690,271.60983270241303
1691,-45.48938885331154
1692,-13.594635399989784
1693,34.664598766714334
1694,224.34419781528413
1695,-29.767712732777
1696,-30.33277799654752
1697,3.866879247128964
1698,-17.695102458354086
1699,37.4463506990578
1700,25.52582424134016
1701,-49.37627515848726
1702,-37.36334404349327
1703,267.07075383658645
1704,-32.899512350559235
1705,-39.83413606882095
1706,41.390787694603205
1707,9.761064313352108
1708,-42.46809869445861
1709,-21.26125245541334
1710,23.36457446217537
1711,-26.0878466963768
1712,-18.827212788222823
1713,225.90788141684607
1714,-15.345745364204047
1715,33.99283618107438
1716,-51.76711159199476
1717,2.1157207023352385
1718,-46.3980516041629
1719,-30.2214787453413
1720,19.02521374821663
1721,2.441140714567154
1722,36.560431972146034
1723,275.80300009811094
1724,-27.430263029411435
1725,-24.03131124714855
1726,-53.95895991846919
1727,-34.26467531360686
1728,-29.312192920595407
1729,-23.328858982771635
1730,-43.96067698299885
1731,241.9983991758054
1732,-36.28722989652306
1733,-4.942382922396064
1734,10.718067154288292
1735,-15.050027802586555
1736,300.92653955947856
1737,-17.611668676137924
1738,-39.34646967798472
1739,56.96765042096376
1740,-30.58887511555804
1741,-27.78219485655427
1742,39.75889238156378
1743,28.66078648716212
1744,-30.962006211280823
1745,147.63874427531846
1746,-28.22614696156233
1747,43.31051934510469
1748,26.44912353157997
1749,37.01128298381809
1750,306.5552924142702
1751,10.778322696685793
1752,-16.53909621760249
1753,-9.66096568107605
1754,-45.66447711037472
1755,-96.78253364330158
1756,-37.70025512203574
1757,-18.529202096164227
1758,22.606489665806293
1759,266.3498716823524
1760,47.020671900361776
1761,16.041961163282394
1762,-76.52745052054524
1763,10.646067649126053
1764,265.2826228825929
1765,-27.12897690664977
1766,-31.715568285319023
1767,-24.271613627672195
1768,-68.73674513678998
1769,268.6029721178681
1770,209.0604313694639
1771,-21.246055582538247
1772,-26.58783101849258
1773,276.3487880796985
1774,-9.460628528147936
1775,274.3038835964352
1776,19.940379045903683
1777,-10.458843126893044
1778,287.20471265899323
1779,21.910937877371907
1780,285.0902487390922
1781,3.3916421085596085
1782,-92.12381891813128
1783,228.8172701386502
1784,17.104607937842957
1785,31.424085641279817
1786,48.963254852220416
1787,5.446837917901576
1788,33.39877518452704
1789,31.693145267665383
1790,69.33199904905632
1791,232.67814950773027
1792,280.2677039491082
1793,60.1546191573143
1794,272.0479164871548
1795,43.50706875976175
1796,251.06794847599824
1797,35.41027012467384
1798,33.52819075342268
1799,40.04414827656001
1800,248.7888311329929
1801,215.8616832116386
1802,224.0458564055407
1803,223.6808284526036
1804,-53.06947430409491
1805,275.4983751593004
1806,279.77675461488377
1807,60.91951157653239
1808,224.69382839861936
1809,237.78152659191795
1810,-23.35511213715654
1811,65.26739512756467
1812,253.377194157747
1813,186.67277296352404
1814,266.70208043102207
1815,283.3656267158664
1816,-21.227497368119657
1817,231.2529447954148
1818,281.8656318286372
1819,248.09623490219147
1820,282.03131487147874
1821,238.6001529496111
1822,224.61772738886063
1823,245.76379815855267
1824,277.4042936198389
1825,247.61561116262624
1826,31.440325845964253
1827,49.62672040890902
1828,32.58917989139445
1829,252.56831908604363
1830,261.6764929373519
1831,287.0302056172044
1832,27.124440203187987
1833,255.0746876292125
1834,-2.205179257318377
1835,253.8618528940459
1836,267.8738919338507
1837,241.3173839383851
1838,58.67047387361527
1839,221.47913233967307
1840,224.41986671013385
1841,238.4309423054387
1842,299.2765961115309
1843,280.2276407921965
1844,25.734236603602767
1845,287.39316508267126
1846,283.3855524124225
1847,272.8833242475258
1848,20.037313358392566
1849,291.42889141316243
1850,227.2035987572073
1851,11.488196632824838
1852,284.35154486111
1853,39.04772589460481
1854,242.4975816953566
1855,291.2003249633304
1856,-3.042479733005166
1857,241.1322484392417
1858,28.01752236112952
1859,-43.01632624515332
1860,280.3946745917872
1861,272.1228588619888
1862,-2.891491741887876
1863,292.6400407090944
1864,-11.65401402983116
1865,-44.966097462689504
1866,293.402541986656
1867,270.7732526429221
1868,4.249644931405783
1869,47.613383607938886
1870,248.7951065892229
1871,156.02174498242044
1872,1.987035595055204
1873,163.37952950817973
1874,246.2655902779535
1875,299.0837607383749
1876,29.6589620988816
1877,269.0265571473008
1878,38.77334410697222
1879,289.15726643099174
1880,224.6613624067992
1881,2.984488859772682
1882,35.96731236949563
1883,227.4371327562781
1884,46.67095042485744
1885,288.199497641235
1886,-15.40968992561102
1887,290.76638725617664
1888,-30.51738246521564
1889,-31.891993114346405
1890,42.04557469114661
1891,297.6323463565344
1892,-9.038597283128183
1893,191.73130194158523
1894,167.48454423137255
1895,32.83443869871553
1896,14.524869224056602
1897,15.735599488485605
1898,299.4376875574045
1899,278.13573664684696
1900,295.8361838508581
1901,285.2691173645125
1902,285.5996756927615
1903,212.98601564892388
1904,-25.2005887098494
1905,277.2758804948843
1906,255.7206430226824
1907,231.2379511298793
1908,252.72575562730856
1909,299.9497475838138
1910,252.59322055929985
1911,251.3923809722812
1912,230.6354123143655
1913,229.5763464249569
1914,239.5088403112588
1915,222.9073858162724
1916,198.5342060118488
1917,280.6869749357824
1918,299.12693145490067
1919,145.6154165833095
1920,317.7825293941525
1921,287.51072887360704
1922,287.6488438359145
1923,294.9045348038935
1924,204.25998400645275
1925,240.5111064929972
1926,211.6500457571584
1927,224.9986229607293
1928,55.44198727002368
1929,31.591246567550115
1930,269.11425454392554
1931,167.0026119026046
1932,289.7474169048585
1933,228.50833901666005
1934,281.7933824105356
1935,159.09625002503589
1936,176.3133982575165
1937,289.2926278639658
1938,295.4020189760779
1939,239.0314363995516
1940,247.363149923106
1941,282.30003488533146
1942,276.1892586165432
1943,237.76860281618872
1944,266.81588563251506
1945,258.2558181724527
1946,197.9753267943576
1947,243.91068748432235
1948,197.4270360740396
1949,244.146931204856
1950,277.1782030334095
1951,261.2374188301919
1952,229.2101850953002
1953,194.57775131391665
1954,254.6294090481136
1955,276.11314862221707
1956,245.50521476162896
1957,277.0731023273892
1958,221.75063359246343
1959,226.79688101475065
1960,264.54353535474
1961,32.805426257429644
1962,281.5405828720306
1963,192.2893399088209
1964,-1.7424448230303824
1965,238.97652350760768
1966,280.2518415100131
1967,201.3015012660798
1968,283.5258849859588
1969,274.09417107342784
1970,249.9055689742453
1971,258.5631859675446
1972,231.669391659725
1973,252.8086812059596
1974,303.78266594947945
1975,282.98148398568867
1976,275.1611286795369
1977,262.8156736701464
1978,252.87275648130307
1979,269.0118454897235
1980,242.6141536190053
1981,281.3382880301009
1982,263.3201373783116
1983,233.89640849663525
1984,236.8026395271731
1985,284.7783219581554
1986,263.22490018544653
1987,304.9165062728306
1988,285.676628349976
1989,257.2331789674573
1990,257.8819265117087
1991,241.7924127872065
1992,296.11854576306894
1993,253.0113739849433
1994,254.5527522888869
1995,227.42929746195952
1996,261.5764906389078
1997,284.76371403304154
1998,262.9143587753316
1999,234.6610907323231
2000,225.26414383333704
2001,205.1272155233288
2002,260.6719558207683
2003,240.1333886575437
2004,234.1229569543605
2005,269.1768531909041
2006,213.4440048675937
2007,219.5190867124348
2008,166.75719280288448
2009,22.643859738949686
2010,249.23178271300097
2011,-10.190004656353269
2012,123.30203274885022
2013,129.41624020717808
2014,256.46519819522945
2015,11.111097430693915
2016,194.10560635988293
2017,259.7302879154754
2018,254.4806258715186
2019,183.5587697725055
2020,258.5131905515003
2021,182.23877890953705
2022,172.42752197910636
2023,217.32713100091723
2024,271.5723985639422
2025,217.6051548386972
2026,6.259376640664414
2027,-1.0667413622140884
2028,283.3289206544532
2029,273.95918776483006
2030,198.0919464538049
2031,245.73405893923427
2032,297.6313719251536
2033,286.3078555676925
2034,148.181156815083
2035,183.01767819531807
2036,275.8572931767872
2037,200.4715343876495
2038,-5.55251598614268
2039,233.3366375715749
2040,41.0693981720583
2041,172.39762564677682
2042,8.200918370159343
2043,237.7113680785432
2044,298.8897818324423
2045,216.803206164251
2046,281.8111871721577
2047,208.40603932918089
2048,275.79909745295186
2049,292.98580309664027
2050,243.40393619106112
2051,247.40511044745296
2052,271.4319516529088
2053,209.7158341533179
2054,290.75703844320094
2055,289.2298435352876
2056,133.59023220096833
2057,169.82541479979892
2058,122.4301278824512
2059,201.63586316934004
2060,199.6513443514333
2061,311.6647775701241
2062,62.036271795630455
2063,47.97931514121592
2064,58.24844246993598
2065,188.16106113829045
2066,148.56462340798987
2067,292.8549992056076
2068,37.96685241628438
2069,56.12606099434197
2070,-1.2726147174835205
2071,296.2298757593534
2072,276.4725185740215
2073,256.42858797574274
2074,49.711102097295225
2075,59.578061763197184
2076,223.2905686031492
2077,52.96185663342476
2078,35.1019472158514
2079,167.5500523639887
2080,282.4714221756249
2081,43.72362876869738
2082,256.1377510243028
2083,300.75711874113404
2084,277.64471001809886
2085,61.15521002787864
2086,278.0793925286154
2087,68.96020832238719
2088,287.91448647285654
2089,62.588132090866566
2090,240.17049201345105
2091,168.07277283574328
2092,280.6086955341379
2093,59.416062323376536
2094,213.09462111114635
2095,256.07837699014414
2096,198.63716303403143
2097,211.07494079719447
2098,158.43981670836757
2099,191.88931639273025
2100,275.0087043201144
2101,309.3592422219274
2102,279.98597420922
2103,280.51385593060826
2104,266.786091897852
2105,278.7023314411658
2106,21.06027710449416
2107,260.3874770598836
2108,48.390889852074906
2109,209.2123825659916
2110,252.52017227894544
2111,42.084278610534966
2112,193.27164505125583
2113,38.29740791581571
2114,256.03405660960686
2115,181.91566337284647
2116,232.6702676842358
2117,296.13035139316355
2118,263.72075296286494
2119,219.3977904515695
2120,278.6146991892676
2121,272.9295583885631
2122,267.04144446354053
2123,254.7404790560567
2124,240.82253390878373
2125,-6.198354264604859
2126,-5.614635284990072
2127,280.768092602518
2128,197.0907016289017
2129,260.29800076969155
2130,207.5372112088662
2131,268.73168465822044
2132,201.05285260599243
2133,215.4500046584569
2134,187.6844800025023
2135,299.1556821744172
2136,320.9145080797313
2137,267.1400988420743
2138,291.20261358923744
2139,266.1339647197152
2140,252.6369189076076
2141,272.17332314338074
2142,247.92609173661828
2143,297.581265432072
2144,258.5048928743923
2145,251.5933264118462
2146,46.325857535004616
2147,184.6617195140882
2148,254.2944725958021
2149,248.65022150104045
2150,288.9306843270093
2151,240.63346412133444
2152,297.5304606123435
2153,220.1348036111911
2154,216.0353444354348
2155,265.21060261230843
2156,235.2540431757441
2157,240.95502647361715
2158,290.3618244443512
2159,291.5735413694153
2160,261.72160068984306
2161,279.74097399912245
2162,294.1377156024589
2163,307.7849108795846
2164,274.739675105549
2165,217.16120299494185
2166,56.99289365019649
2167,302.76848681300044
2168,225.4675992965003
2169,285.1690161606134
2170,304.78130716794
2171,245.7900295953529
2172,279.60605273245835
2173,31.50834926124662
2174,269.58404038247875
2175,247.15206408477388
2176,294.7252174774582
2177,209.497899025062
2178,271.6975855581525
2179,242.1279602143509
2180,311.749384131542
2181,193.82310664920445
2182,260.6519188007486
2183,238.10450220877868
2184,276.9143649414756
2185,265.331456841069
2186,262.5178572052166
2187,283.9425550299071
2188,244.2523146216845
2189,222.2728036752087
2190,262.361155267778
2191,267.5624725052321
2192,285.0140823085543
2193,244.5548554169945
2194,264.2744043167769
2195,243.1736046613316
2196,18.932794705033302
2197,294.41483565538255
2198,301.8215585732256
2199,240.3031388853273
2200,264.24373421321656
2201,211.3193500410244
2202,247.5079239079666
2203,260.7612238466816
2204,257.73938542001207
2205,264.91179403243586
2206,38.665173668414354
2207,249.9032755183921
2208,253.5656531944988
2209,280.1510865413625
2210,60.219423461705446
2211,272.05505309432306
2212,197.19491012149604
2213,214.8183127421344
2214,205.35654831665568
2215,279.7661085363346
2216,288.14761497197344
2217,284.51677606336307
2218,235.60601842539225
2219,286.74629172679147
2220,284.0859100088739
2221,38.2175867408514
2222,296.82208129076434
2223,194.5748617683086
2224,229.6140471466518
2225,283.44917416316457
2226,188.1901725266437
2227,304.38763626447707
2228,281.7673033958706
2229,281.5545366111095
2230,254.50664306332624
2231,279.2793403475564
2232,239.34570560823872
2233,240.2732405579009
2234,262.0749668871846
2235,248.74231930558443
2236,282.55844780726045
2237,312.62520783555607
2238,303.2675865735473
2239,263.4859330054024
2240,247.8383173360123
2241,282.06429597406304
2242,256.89925541784606
2243,297.16080249465006
2244,255.06601195031624
2245,303.2968508583541
2246,295.21859710847536
2247,287.2303213576407
2248,266.280254458779
2249,286.0336924959347
2250,254.07318327158345
2251,272.9417141723271
2252,29.908184576779604
2253,281.264229892914
2254,295.41338274405484
2255,207.7827688624637
2256,289.21880874520764
2257,255.0535280283508
2258,236.04213690192503
2259,281.8335928760752
2260,247.86869553593112
2261,283.5145526043549
2262,242.7734841001474
2263,49.62005754746497
2264,25.89739532582462
2265,300.51651649027906
2266,238.07012841826304
2267,275.0153278574114
2268,28.84423975553364
2269,279.32364030028464
2270,214.6876665036568
2271,228.9405417464096
2272,232.82184433698148
2273,258.2097951603254
2274,236.40727791690267
2275,273.9470473974554
2276,286.70016359071144
2277,272.6243868685831
2278,260.4144241035077
2279,302.77813123079443
2280,261.18078455810075
2281,300.4807628330215
2282,294.55968392861405
2283,267.9509742717106
2284,244.4858070738472
2285,284.640893632342
2286,270.5730063929265
2287,55.39900194108486
2288,295.8130780530784
2289,275.8362298154421
2290,9.128941528499126
2291,306.5917504068276
2292,261.50292480845485
2293,253.5285587781776
2294,237.16329469002383
2295,242.8276328037861
2296,259.4292410171884
2297,249.56128527114268
2298,51.02568496204913
2299,262.1588173812678
2300,292.4521074008679
2301,285.79776166454496
2302,232.7912652038848
2303,269.4047005234733
2304,228.1513106948315
2305,256.0517655380378
2306,233.54171896218705
2307,272.2370422900716
2308,246.158827557079
2309,230.6998064520036
2310,273.29124843655006
2311,269.2369634726295
2312,238.3306201046833
2313,64.40180240012705
2314,279.33936238078434
2315,285.6555117056651
2316,288.3433259920468
2317,294.71233538581464
2318,271.3120965161361
2319,236.1119909767112
2320,10.80839084647596
2321,249.91482030405183
2322,289.41860714477605
2323,47.52329755015671
2324,253.0886868128821
2325,226.1268456497408
2326,270.4475628534565
2327,282.42635414757456
2328,53.07936400175095
2329,282.6167257485312
2330,260.230173239536
2331,287.6222170576329
2332,49.0473178178072
2333,245.30367664799343
2334,253.5860043203091
2335,263.8277248599632
2336,254.92079354651588
2337,250.49218798633297
2338,55.53648713417351
2339,285.8022884116417
2340,215.21370265949048
2341,314.5970696174047
2342,9.707355139777064
2343,294.03379824369824
2344,296.0566417335716
2345,232.88671591432816
2346,57.011058362200856
2347,270.96268938628384
2348,247.1884584024083
2349,250.88977735722997
2350,54.32709057722241
2351,270.54723007064155
2352,285.9266755530971
2353,233.3595951140288
2354,262.94692874459065
2355,281.973319546422
2356,251.5743707655185
2357,44.18483665585518
2358,30.362829007208347
2359,256.2976879761861
2360,283.53766898047155
2361,267.58877629467446
2362,300.4620857943905
2363,295.59987117194726
2364,258.52161915064266
2365,78.81010787375271
2366,278.29993974925475
2367,296.62566544823073
2368,298.8960646008551
2369,36.79863836290315
2370,231.843603305064
2371,257.1774877807503
2372,273.1855523241359
2373,228.9015390342748
2374,59.80613459274173
2375,292.7753646937944
2376,29.055668905377388
2377,258.4527152542959
2378,38.06607797183096
2379,307.81225561295764
2380,273.42638912354306
2381,278.7456336054393
2382,256.29675989218475
2383,247.13415693836825
2384,296.9748374918096
2385,220.4028753428248
2386,52.5606183167547
2387,278.6859929631476
2388,-4.614999276585877
2389,-28.70839887112379
2390,275.8398558022251
2391,235.39128076558745
2392,244.7193518834445
2393,254.44446673361747
2394,287.3276374699185
2395,284.2243612598851
2396,273.9653572866747
2397,234.73402713868563
2398,-378.7529959753156
2399,257.85634011465686
2400,255.41090474853667
2401,231.87935917253282
2402,271.28400380179295
2403,271.3058086283403
2404,63.650959964841604
2405,205.9303163029399
2406,257.4514718618407
2407,236.8093131862471
2408,278.1659766573198
2409,247.89614292509737
2410,276.2955839246486
2411,307.78386686754953
2412,274.3692155274096
2413,271.46312339815324
2414,54.29030764102936
2415,223.64447320406265
2416,203.7188308850515
2417,270.47762017982484
2418,279.0538075644969
2419,230.14582880998907
2420,66.6896791011095
2421,258.9746686312998
2422,239.96856612426586
2423,20.770988756790757
2424,259.6980093854268
2425,259.4376474479627
2426,290.2314342061951
2427,273.34415548034565
2428,308.9147111804425
2429,259.3211833579008
2430,269.81870766514453
2431,279.8777772333463
2432,259.34545208259783
2433,260.6729523915966
2434,249.5399244282151
2435,279.56350159462636
2436,275.69050015389087
2437,18.62507407180965
2438,296.45017516709356
2439,229.40365066054704
2440,258.40509902506926
2441,245.98011363021425
2442,266.1654062730596
2443,272.30801362092893
2444,218.46789642127715
2445,276.60911958280735
2446,276.996596513563
2447,289.58918765148695
2448,295.67550681352776
2449,265.8009711068459
2450,257.41495158528295
2451,248.8228402280762
2452,274.755639065134
2453,271.367287729216
2454,277.7635853988663
2455,262.45597176309
2456,70.77791630290449
2457,256.125148207242
2458,277.5139368143864
2459,258.8725355657429
2460,256.68279944901633
2461,290.1608148805412
2462,77.30852760747075
2463,285.23128615012905
2464,283.5417182642243
2465,66.6554834775161
2466,279.1279608048959
2467,293.501973875765
2468,277.39774315521146
2469,268.33769798772585
2470,248.30859812830585
2471,273.4983269909557
2472,267.66593629456725
2473,222.3885712958563
2474,31.815520003437996
2475,295.75904303048316
2476,251.69096897804152
2477,310.8096032561329
2478,220.33798974972905
2479,304.98101596182914
2480,260.09460568346384
2481,266.95681227873445
2482,270.08702159126443
2483,298.94603481228273
2484,311.63893473573677
2485,269.7629552088682
2486,70.86605644319206
2487,196.13706455738313
2488,261.58837467592264
2489,256.6274971356114
2490,306.54855597231153
2491,75.8304421875655
2492,230.6982147084817
2493,8.507763382047415
2494,296.0282092311206
2495,298.79089514309055
2496,235.19139668730907
2497,246.707125563329
2498,67.00925162807107
2499,276.423015705152
